Company,Domain,Role,Topic,Difficulty,Question,Ideal_Approach,Asked_In_BITS,
Abbott,Healthcare Analytics,Data Science Intern,Technical,Medium,Scenario: You have a list of doctor names and addresses in Excel. How do you validate if the addresses are correct?,Use Google Maps API or medical registry databases for validation. Automate with PythonScript/Pandas or Excel VBA.,Yes,
Abbott,Healthcare Analytics,Data Science Intern,Technical,Medium,How would you automate updating data from Excel to a PowerPoint presentation on a monthly basis?,"Use Python libraries like `python-pptx` and `pandas`, or VBA macros to link Excel ranges to PowerPoint slides.",Yes,
Abbott,Healthcare Analytics,Data Science Intern,Technical,Medium,How do you handle missing values in a dataset?,"Imputation (Mean/Median/Mode), KNN imputation, deleting rows (if insignificant), or predicting values using regression.",Yes,
Abbott,Healthcare Analytics,Data Science Intern,Technical,Medium,Compare two datasets using Pandas.,"Use `df.compare()`, `df.equals()`, or merge/join with indicator=True to find diffs.",Yes,
Accenture AIOC,Telecommunications,Marketing Analytics,Technical,Medium,What is the coefficient of determination (R-squared)?,It shows how well independent variables explain the variation in the dependent variable; value ranges from 0 to 1 (higher = better fit).,Yes,
Accenture AIOC,Marketing Analytics,Data Science Sr Analyst,Technical,Medium,What is an F-test?,"It checks if the regression model is statistically significant; i.e., if at least one predictor meaningfully explains the dependent variable.",Yes,
Accenture AIOC,Marketing Analytics,Data Science Sr Analyst,Technical,Medium,What is Monte Carlo simulation?,A technique that uses random sampling and repeated computations to estimate probabilities or outcomes of uncertain events.,Yes,
Accenture AIOC,Marketing Analytics,Data Science Sr Analyst,Technical,Medium,What are precision and recall?,"Precision = Correct Positives / Total Predicted Positives. Recall = Correct Positives / Total Actual Positives. Precision is about accuracy, recall is about completeness.",Yes,
Accenture AIOC,Marketing Analytics,Data Science Sr Analyst,Technical,Medium,What are window functions in SQL?,"SQL functions that perform calculations across a set of related table rows (e.g., running totals, ranks, moving averages).",Yes,
Accenture AIOC,Marketing Analytics,Data Science Sr Analyst,Technical,Medium,What is imbalanced data?,"A situation where classes or labels are not equally represented (e.g., 95% Negative, 5% Positive).",Yes,
Accenture AIOC,Marketing Analytics,Data Science Sr Analyst,Technical,Medium,Why does imbalanced data matter?,"High accuracy can hide poor detection of the minority (often more important) class, making the model useless for rare but critical targets.",Yes,
Accenture AIOC,Marketing Analytics,Data Science Sr Analyst,Technical,Medium,How do you tackle imbalanced data?,"Techniques include oversampling (e.g., SMOTE), undersampling, or using specific loss functions.",Yes,
Accenture AIOC,Marketing Analytics,Data Science Sr Analyst,Technical,Medium,How many types of joins are there in SQL and what is an inner join?,"Common joins: Inner, Left, Right, Full Outer, Cross. Inner join returns only matching rows present in both tables.",Yes,
Accenture AIOC,Marketing Analytics,Data Science Sr Analyst,Technical,Medium,What is the use of SUMIFS in Excel?,It adds numbers in a range based on multiple specific criteria or conditions.,Yes,
Accenture AIOC,Marketing Analytics,Data Science Sr Analyst,Technical,Medium,What is the difference between ARIMA and SARIMA?,ARIMA is for non-seasonal data; SARIMA adds support for seasonality (fixed repeating patterns like monthly or quarterly).,Yes,
Aditya Birla Management Corp.,Healthcare,Data Automation, Data Science Intern,Behavioral,Medium,Describe a challenging project and how you overcame obstacles.,Use STAR method. Highlight problem-solving skills and resilience.,Yes
Aditya Birla Management Corp.,Corporate Strategy,Data Analytics Intern,Behavioral,Medium,How do you handle working with cross-functional teams?,"Emphasize communication, collaboration, and ability to bridge technical and non-technical gaps.",Yes,
Aditya Birla Management Corp.,Corporate Strategy,Data Analytics Intern,Behavioral,Medium,Tell me about a time you used data to solve a business problem.,Provide a specific example where data analysis directly led to a solution or improvement.,Yes,
Aditya Birla Management Corp.,Corporate Strategy,Data Analytics Intern,Behavioral,Medium,Tell me about yourself.,Short professional summary known as 'elevator pitch'.,Yes,
Aditya Birla Management Corp.,Corporate Strategy,Data Analytics Intern,Behavioral,Medium,"Walk me through your resume, focusing on analytics or data-driven projects.","Detail your role, tools used, and the outcomes of the projects mentioned.",Yes,
Aditya Birla Management Corp.,Corporate Strategy,Data Analytics Intern,Behavioral,Medium,What are your long-term career goals in analytics?,Discuss aspirations for leadership or specialized expertise in analytics.,Yes,
Aditya Birla Management Corp.,Corporate Strategy,Data Analytics Intern,Behavioral,Medium,What motivates you to work in the analytics field?,Express enthusiasm for discovering insights and influencing strategy through data.,Yes,
Aditya Birla Management Corp.,Corporate Strategy,Data Analytics Intern,Behavioral,Medium,Why MBA?,Explain how an MBA complements your technical skills and prepares you for management.,Yes,
Aditya Birla Management Corp.,Corporate Strategy,Data Analytics Intern,Behavioral,Medium,Why are you interested in our company and this role?,Show knowledge of ABG's diverse portfolio and strategic initiatives.,Yes,
Aditya Birla Management Corp.,Corporate Strategy,Data Analytics Intern,Behavioral,Medium,Why did you choose Business Analytics as your specialization?,Highlight the growing importance of data in decision making.,Yes,
EY,Consulting,Tech Assurance,Behavioral,Medium,Tell me about a situation at work for which you got appreciation.,"STAR method. Focus on going above and beyond, or solving a critical/time-sensitive problem.",Yes,
EY,Consulting,Tech Assurance,Behavioral,Medium,How did you handle conflicts/timeline delays during your projects?,"Proactive communication, renegotiating scope/deadlines, allocating extra resources, and keeping stakeholders informed.",Yes,
Guidewire Software,Consulting,Digital Risk, Tech Assurance,Behavioral,Medium,Describe a challenging project and how you overcame obstacles.,Use STAR method. Highlight technical challenges and collaborative solutions.,Yes
Guidewire Software,InsurTech,Product Manager Intern,Behavioral,Medium,How do you handle working with cross-functional teams?,"Focus on communication across engineering, design, and business units.",Yes,
Guidewire Software,InsurTech,Product Manager Intern,Behavioral,Medium,Tell me about a time you used data to solve a business problem.,Showcase decision-making based on metrics and user data.,Yes,
Guidewire Software,InsurTech,Product Manager Intern,Behavioral,Medium,Tell me about yourself.,Professional introduction tailored to product management and tech.,Yes,
Guidewire Software,InsurTech,Product Manager Intern,Behavioral,Medium,"Walk me through your resume, focusing on analytics or data-driven projects.","Highlight projects involving product metrics, SQL, or user behavior analysis.",Yes,
Guidewire Software,InsurTech,Product Manager Intern,Behavioral,Medium,What are your long-term career goals in analytics?,Connect interest in data with product leadership aspirations.,Yes,
Guidewire Software,InsurTech,Product Manager Intern,Behavioral,Medium,What motivates you to work in the analytics field?,Discuss the power of data to reveal insights and drive product strategy.,Yes,
Guidewire Software,InsurTech,Product Manager Intern,Behavioral,Medium,Why MBA?,Explain the desire to bridge technical skills with business strategy.,Yes,
Guidewire Software,InsurTech,Product Manager Intern,Behavioral,Medium,Why are you interested in our company and this role?,Mention Guidewire's position in the P&C insurance industry and software leadership.,Yes,
Guidewire Software,InsurTech,Product Manager Intern,Behavioral,Medium,Why did you choose Business Analytics as your specialization?,"Express interest in making informed, data-backed business decisions.",Yes,
HSBC,Finance,Analyst,Finance,Medium,What is the Inventory Turnover Ratio formula and how do you interpret it?,Explain formula (COGS / Avg Inventory) and implies efficiency of sales.,Yes,
HSBC,Finance,Analyst,Finance,Medium,Explain the Cash Conversion Cycle formula and its interpretation.,Days Inventory Outstanding + Days Sales Outstanding - Days Payable Outstanding.,Yes,
HSBC,Finance,Analyst,Finance,Medium,List the fundamental Principles of Accounting.,"Mention accrual, consistency, prudence, going concern, entity concept.",Yes,
HSBC,Consulting,Analyst,Guesstimate,Medium,Estimate the number of Two-Wheelers sold annually in India.,Population -> Target Segment -> Income Levels -> Replacement vs New Demand.,Yes,
HSBC,General,Analyst,Behavioral,Medium,How do you measure the performance of a team or individual in banking operations context?,"Mention KPIs like accuracy, turnaround time (TAT), customer satisfaction, and error rates.",Yes,
HSBC,Finance,Analyst,Finance,Medium,What metrics indicate effective revenue generation for a bank?,"NIM (Net Interest Margin), Fee-based income, Loan book growth, CASA ratio.",Yes,
HSBC,Product,Analyst,Product Management,Medium,Explain the concept of 'Share of Wallet' in banking.,Percentage of a customer's total spend/assets held with us vs competitors.,Yes,
HSBC,General,Analyst,General Awareness,Medium,What are the key products offered by HSBC?,"Retail Banking, Wealth Management, Commercial Banking, Global Banking & Markets.",Yes,
HSBC,Finance,Analyst,Finance,Medium,What is the difference between Market Risk and Credit Risk?,Market: Losses due to market factor movements. Credit: Default by counterparty.,Yes,
HSBC,Analytics,Analyst,General Awareness,Medium,Is AI a job creator or a job destroyer?,"Discuss automation vs augmentation, new roles created (ML Ops) vs redundant routine tasks.",Yes,
HSBC,Finance,Analyst,Finance,Medium,Differentiate between Systematic and Unsystematic Risk.,Systematic: Market-wide (non-diversifiable). Unsystematic: Company-specific (diversifiable).,Yes,
HSBC,Analytics,Analyst,SQL,Medium,Explain the concept of Binning in SQL.,Using CASE statements to categorize continuous variables into groups.,Yes,
HSBC,Analytics,Analyst,Python,Medium,How do you access the 5th row and 3rd column of a dataframe in Pandas?,"df.iloc[4, 2]",Yes,
HSBC,Analytics,Analyst,Python,Medium,How do you append two dataframes in Python?,"pd.concat([df1, df2]) or df1.append(df2) (deprecated).",Yes,
HSBC,Analytics,Analyst,Python,Medium,What happens to the columns if you join a dataframe with 5 columns and another with 7 columns?,"Depends on join type, generally 5+7 = 12 columns if no overlap/suffix handling.",Yes,
HSBC,Finance,Analyst,Finance,Medium,What are Derivatives in finance?,"Contracts deriving value from underlying assets (Options, Futures, Swaps).",Yes,
HSBC,Finance,Analyst,Finance,Medium,Why is a Mutual Fund called 'Mutual'?,Pooled money from many investors mutually shared for returns/risks.,Yes,
Kyoren Labs,Healthcare,Business Analyst,Strategy,Medium,Situation: How would you approach a new product launch from a data collection and strategy standpoint?,Define KPIs -> Identify Data Sources (Primary/Secondary) -> Set up Tracking (Google Analytics/Mixpanel) -> Feedback Loop strategy.,Yes,
Kyoren Labs,Healthcare,Business Analyst,Strategy,Medium,Develop a pricing strategy for new skin care products using industry analysis.,Competitor Price Benchmarking -> Cost-Plus vs Value-Based Pricing -> Psychology of pricing (premium vs mass market).,Yes,
LenDen Club,Product Management,Product Intern,Technical,Medium,"What are the top 3 features of your most used app, and what improvements would you suggest?","Product Critique Framework: Define the app, user persona, and goal. Analyze features (pros/cons). Suggest metric-driven improvements.",Yes,
LenDen Club,Product Management,Product Intern,Technical,Medium,Identify potential users for this app (apart from you) and how you would solve their problems.,User Segmentation: Demographic/Psychographic. Pain point analysis. Solutioning with feature mapping.,Yes,
LenDen Club,Product Management,Product Intern,Behavioral,Medium,What do you think a Product Manager's day-to-day looks like?,"Mention mix of: Standups, Stakeholder communication (Eng/Design), Data analysis, User research, and Documentation (PRDs).",Yes,
LenDen Club,Digital Marketing,Marketing Intern,Technical,Easy,What is a backlink?,A link from one website to another. Crucial for SEO authority and ranking.,Yes,
LenDen Club,Digital Marketing,Marketing Intern,Technical,Medium,What is SEO and what are some popular tools?,"SEO: Optimizing visibility. Tools: SEMrush, Ahrefs, Google Search Console, Moz.",Yes,
Mitigata,InsurTech,Founder's Office Intern,Strategy,Hard,Design a Go-To-Market (GTM) strategy for a new domain/product.,Target Audience -> Value Proposition -> Channels (Sales/Marketing) -> Pricing -> Launch Timeline -> Metrics (KPIs).,Yes,
Mitigata,InsurTech,Founder's Office Intern,Behavioral,Medium,What do you understand by the responsibilities of a Founder's Office role?,"Cross-functional execution, strategic initiatives, special projects, and being a force multiplier for the founders.",Yes,
Moody's Analytics,Financial Services,Structured Finance,Behavioral,Medium,Describe a challenging project and how you overcame obstacles.,STAR method. Highlight financial modeling or data integrity challenges.,Yes,
Moody's Analytics,Financial Services,Structured Finance,Behavioral,Medium,Why are you interested in our company and this role?,Mention Moody's dominance in credit ratings and analytics software.,Yes,
Noccarc Robotics,MedTech,Market Research Intern,Behavioral,Medium,Why did you choose Business Analytics as your specialization?,To bring data rigor to market research and strategy in critical industries.,Yes,
Noccarc Robotics,MedTech,Market Research Intern,Behavioral,Medium,Describe a challenging project and how you overcame obstacles.,STAR method. Highlight adaptability and research challenges.,Yes,
Raaz App,Technology,Business Analyst,Behavioral,Medium,Tell me about yourself.,Short professional intro focusing on app dynamics and analytics.,Yes,
Raaz App,Technology,Business Analyst,Behavioral,Medium,How do you prioritize features for a mobile app?,"RICE framework (Reach, Impact, Confidence, Effort) or MoSCoW method.",Yes,
Sodexo,Services,Operations Intern,Behavioral,Medium,Why Sodexo?,Focus on their Quality of Life services and global scale.,Yes,
Sodexo,Services,Operations Intern,Behavioral,Medium,Describe a situation where you had to deal with a difficult client.,"Empathy, active listening, and finding a win-win solution.",Yes,
Tata Capital,Financial Services,Financial Analytics,Technical,Medium,Explain SLR (Simple Linear Regression) and Multi-collinearity.,"SLR: Relation between one dependent and independent variable. Multi-collinearity: When independent variables are highly correlated, skewing results (check VIF).",Yes,
Tata Capital,Financial Services,Financial Analytics,Technical,Medium,What are the different types of SQL joins? Explain their significance.,"Inner (matching), Left (all left + matching right), Right (all right + matching left), Full (all), Cross (Cartesian). crucial for combining data tables.",Yes,
Tata Capital,Financial Services,Financial Analytics,Technical,Medium,What is the difference between an NBFC and a Bank?,NBFCs cannot accept demand deposits (checks) and are not part of payment settlement system. Banks are more regulated under Banking Regulation Act.,Yes,
Tata Capital,Financial Services,Financial Analytics,Technical,Medium,Scenario: Identify the top 5 customers who have the maximum debit in a transaction dataset.,"SQL: `SELECT customer_id, SUM(debit_amount) FROM transactions GROUP BY customer_id ORDER BY SUM(debit_amount) DESC LIMIT 5;`",Yes,
Tata Capital,Financial Services,Financial Analytics,Technical,Medium,What is Interest Discount?,Reduction in interest rate offered to preferred customers or during promotions to increase loan uptake.,Yes,
Taurus Mutual Funds,Finance,Equity Research Intern,Technical,Medium,What factors do you consider before investing in a stock?,"Fundamental analysis (P/E ratio, debt, management) and macroeconomic factors.",Yes,
Taurus Mutual Funds,Finance,Equity Research Intern,Behavioral,Medium,Tell me about a time you made a mistake in your analysis.,"Admit the mistake, explain how you fixed it, and what you learned to prevent recurrence.",Yes,
Vodafone-Idea,Telecom,Data Analyst,Behavioral,Medium,How do you explain complex technical concepts to non-technical stakeholders?,"Use analogies, avoid jargon, and focus on business impact.",Yes,
Vodafone-Idea,Telecom,Data Analyst,Technical,Medium,What is Churn Rate and why is it important in Telecom?,Churn = % of customers leaving. Critical because acquiring new customers is costlier than retaining existing ones.,Yes,
MiQ,Marketing Analytics,Senior Analyst,Python,Medium,"Write a Python function to manipulate a dictionary (e.g., merging two dictionaries or sorting by value).","Demonstrate knowledge of dictionary methods (.items(), .get()) and comprehensions.",Yes
MiQ,Marketing Analytics,Senior Analyst,Python,Easy,"What is the difference between 5/2 and 5//2 in Python?","Explain float division (2.5) vs integer/floor division (2).",Yes
MiQ,Marketing Analytics,Senior Analyst,SQL,Medium,"Explain and demonstrate the use of Window Functions in SQL (e.g., RANK vs DENSE_RANK).","Provide a query example using OVER() clause to solve a ranking or running total problem.",Yes
MiQ,Marketing Analytics,Senior Analyst,SQL,Hard,"Write a SQL query to find top 3 performing campaigns per region.","Use CTE with RANK() PARTITION BY region ORDER BY performance DESC.",Yes
MiQ,Marketing Analytics,Senior Analyst,Statistics,Medium,"How do you calculate Variance? What does it signify in a dataset?","Explain variance as the average squared deviation from the mean, indicating data spread.",Yes
MiQ,Marketing Analytics,Senior Analyst,Statistics,Medium,"What is Multicollinearity and how does it affect a regression model?","It occurs when independent variables are highly correlated. It makes coefficient estimates unstable. Fix by checking VIF (Variance Inflation Factor).",Yes
MiQ,Marketing Analytics,Senior Analyst,Behavioral,Medium,"Describe a time you had to write code to automate a manual process.","STAR method. Focus on the tool used (Python/SQL), time saved, and error reduction.",Yes
MiQ,Marketing Analytics,Senior Analyst,Behavioral,Medium,"Logical Reasoning: Find the odd man out from a given series.","Pattern recognition. Explain the logic clearly.",Yes
MiQ,Marketing Analytics,Senior Analyst,Data Science,Medium,"How would you handle missing data in a marketing dataset?","Check mechanism (MCAR/MAR/MNAR). Impute (mean/median/KNN) or drop based on business context.",Yes
MiQ,Marketing Analytics,Senior Analyst,Product,Hard,"Guesstimate: Estimate the annual iPhone sales in China.","Top-down approach: Population -> Target Segment (Income/Age) -> Smartphone Penetration -> iOS Market Share -> Replacement Cycle.",Yes
MiQ,Marketing Analytics,Senior Analyst,Product,Medium,"Product Case: How would you improve the engagement of a music streaming app?","Clarify goal -> User Segments -> Pain Points -> Solutions (Social features, Curated playlists) -> Metrics (DAU, Time Spent).",Yes
MiQ,Marketing Analytics,Senior Analyst,Behavioral,Medium,"Walk me through your resume. Why MiQ?","Connect past analytics projects to MiQ's programmatic advertising focus.",Yes
MiQ,Marketing Analytics,Senior Analyst,Behavioral,Medium,"Describe a situation where you had a conflict with a team member.","Focus on professional disagreement, listening to their side, and finding a data-driven resolution.",Yes
MiQ,Marketing Analytics,Senior Analyst,Behavioral,Medium,"What are your strengths and weaknesses?","Strength: Analytical rigor / Visual storytelling. Weakness: Public speaking (but working on it).",Yes
MiQ,Marketing Analytics,Senior Analyst,Statistics,Easy,"Explain P-value to a non-technical stakeholder.","Probability of seeing these results just by random chance. Low p-value (<0.05) means 'unlikely to be a fluke'.",Yes
MiQ,Marketing Analytics,Senior Analyst,SQL,Medium,"Write a SQL query to find the second highest salary in each department.","Use DENSE_RANK() OVER(PARTITION BY dept ORDER BY salary DESC) = 2.",Yes
MiQ,Marketing Analytics,Senior Analyst,Python,Medium,"How do you reverse a string in Python without using built-in functions?","Use slicing [::-1] or a loop. Explain complexity.",Yes